epoch_s,stamp_sec,stamp_nanosec,stamp_frame_id,pos_x,pos_y,pos_z,or_x,or_y,or_z,or_w
1715076380.2955565,1715076380,295556656,,0.0,0.2,-0.66,0.0,0.0,0.0,1.0
1715076380.303748,1715076380,303747888,,0.0,0.86,-0.0,0.70710678,0.0,0.0,0.70710678
1715076380.312373,1715076380,312372987,,0.0,0.58,-0.28,0.5,-0.5,0.5,0.5
1715076380.3214104,1715076380,321410470,,0.38,0.2,-0.28,0.0,-0.70710678,0.0,0.70710678
1715076380.3292322,1715076380,329232200,,0.66,0.2,-0.0,0.0,-0.70710678,0.0,0.70710678
1715076380.3373973,1715076380,337397392,,0.0,0.2,-0.66,0.0,0.0,0.0,1.0
