epoch_s,stamp_sec,stamp_nanosec,stamp_frame_id,pos_x,pos_y,pos_z,or_x,or_y,or_z,or_w
1715076380.2945967,1715076380,294596775,,0.0,-0.2,-0.66,0.0,0.0,0.0,1.0
1715076380.3044548,1715076380,304454861,,0.0,-0.86,-0.0,-0.70710678,0.0,0.0,0.70710678
1715076380.31335,1715076380,313350041,,0.0,-0.58,-0.28,-0.5,-0.5,-0.5,0.5
1715076380.321065,1715076380,321064914,,0.38,-0.2,-0.28,0.,-0.70710678,0.,0.70710678
1715076380.328834,1715076380,328834033,,0.66,-0.2,-0.0,0.,-0.70710678,0.,0.70710678
1715076380.3367586,1715076380,336758580,,0.0,-0.2,-0.66,0.0,0.0,0.0,1.0
